event_id,issuer,ticker,event_category,sector,event_timestamp_et,release_session,primary_source_reference,timestamp_source_reference,event_fact_summary,materiality_reason,entry_rule,entry_timestamp_et,timestamp_verification_status,accepted_primary_sample,exclusion_reason,outcome_fields_present
E1-ALNY-20240624,Alnylam Pharmaceuticals,ALNY,E1_Clinical_Regulatory,Health Care,2024-06-24 07:00:00 EDT,PREMARKET,https://investors.alnylam.com/press-release?id=28231,https://markets.financialcontent.com/pasadenastarnews/article/bizwire-2024-6-24-alnylam-reports-positive-topline-results-from-helios-b-phase-3-study-of-vutrisiran-achieving-statistical-significance-on-primary-and-all-secondary-endpoints-in-both-overall-and-monotherapy-populations,"HELIOS-B Phase 3 vutrisiran study met primary and all secondary endpoints; company announced global regulatory filing plans.","Pivotal Phase 3 outcome with direct regulatory and commercial implications.",PREMARKET_1000_ET,2024-06-24 10:00:00 EDT,VERIFIED,PENDING_QC_LIQUIDITY_AND_DUPLICATE_AUDIT,,false
E1-CYTK-20231227,Cytokinetics,CYTK,E1_Clinical_Regulatory,Health Care,2023-12-27 07:30:00 EST,PREMARKET,https://ir.cytokinetics.com/press-releases/press-release-details/2023/Cytokinetics-Announces-Positive-Results-From-SEQUOIA-HCM-the-Pivotal-Phase-3-Clinical-Trial-of-Aficamten-in-Patients-With-Obstructive-Hypertrophic-Cardiomyopathy-12-27-2023/default.aspx,https://www.globenewswire.com/news-release/2023/12/27/2801324/35409/en/cytokinetics-announces-positive-results-from-sequoia-hcm-the-pivotal-phase-3-clinical-trial-of-aficamten-in-patients-with-obstructive-hypertrophic-cardiomyopathy.html,"SEQUOIA-HCM pivotal Phase 3 trial of aficamten reported statistically significant and clinically meaningful primary and secondary endpoint results.","Pivotal Phase 3 result for a lead asset with direct approval and commercialization implications.",PREMARKET_1000_ET,2023-12-27 10:00:00 EST,VERIFIED,PENDING_QC_LIQUIDITY_AND_DUPLICATE_AUDIT,,false
E1-MDGL-20221219,Madrigal Pharmaceuticals,MDGL,E1_Clinical_Regulatory,Health Care,2022-12-19 07:00:00 EST,PREMARKET,https://ir.madrigalpharma.com/node/14516,https://www.globenewswire.com/news-release/2022/12/19/2576163/0/en/Madrigal-Announces-Positive-Topline-Results-from-the-Pivotal-Phase-3-MAESTRO-NASH-Clinical-Trial-of-Resmetirom-for-the-Treatment-of-NASH-and-Liver-Fibrosis.html,"MAESTRO-NASH pivotal Phase 3 trial of resmetirom achieved both primary liver histology endpoints; company stated intent to file for accelerated approval.","Pivotal Phase 3 readout with direct regulatory path implications.",PREMARKET_1000_ET,2022-12-19 10:00:00 EST,VERIFIED,PENDING_QC_LIQUIDITY_AND_DUPLICATE_AUDIT,,false
E2-NVDA-20230524,NVIDIA,NVDA,E2_Earnings_Guidance_Reset,Information Technology,2023-05-24 16:20:00 EDT,AFTER_HOURS,https://nvidianews.nvidia.com/news/nvidia-announces-financial-results-for-first-quarter-fiscal-2024,https://www.streetinsider.com/Globe%2BNewswire/NVIDIA%2BAnnounces%2BFinancial%2BResults%2Bfor%2BFirst%2BQuarter%2BFiscal%2B2024/21712995.html,"NVIDIA reported Q1 FY2024 results and guided Q2 FY2024 revenue to approximately $11.0 billion amid accelerating data-center demand.","Large forward revenue reset relative to the prior business run-rate and a major change in expected AI data-center economics.",AFTER_HOURS_NEXT_TRADING_DAY_1000_ET,2023-05-25 10:00:00 EDT,VERIFIED,PENDING_QC_LIQUIDITY_AND_DUPLICATE_AUDIT,,false
E2-META-20230426,Meta Platforms,META,E2_Earnings_Guidance_Reset,Communication Services,2023-04-26 16:09:00 EDT,AFTER_HOURS,https://investor.atmeta.com/investor-news/press-release-details/2023/Meta-Reports-First-Quarter-2023-Results/default.aspx,https://www.zacks.com/stock/research/META/earnings-headlines,"Meta reported Q1 2023 results, positive revenue growth, a lower full-year expense outlook, and continued efficiency/restructuring actions.","Material reset in forward cost structure and operating expectations alongside revenue stabilization.",AFTER_HOURS_NEXT_TRADING_DAY_1000_ET,2023-04-27 10:00:00 EDT,VERIFIED_BEST_AVAILABLE,PENDING_QC_LIQUIDITY_AND_DUPLICATE_AUDIT,,false
E2-FDX-20220915,FedEx,FDX,E2_Earnings_Guidance_Reset,Industrials,2022-09-15 16:30:00 EDT,AFTER_HOURS,https://www.sec.gov/Archives/edgar/data/1048911/000095017022018545/fdx-ex99_1.htm,https://www.financialcontent.com/article/bizwire-2022-9-15-fedex-reports-preliminary-first-quarter-financial-results-and-provides-update-on-outlook,"FedEx issued preliminary Q1 FY2023 results, described accelerated global volume weakness, withdrew FY2023 earnings guidance, and announced cost actions.","Unscheduled material guidance withdrawal and operating-demand reset.",AFTER_HOURS_NEXT_TRADING_DAY_1000_ET,2022-09-16 10:00:00 EDT,VERIFIED,PENDING_QC_LIQUIDITY_AND_DUPLICATE_AUDIT,,false
E3-PLTR-20211005,Palantir Technologies,PLTR,E3_Major_Contract_Order_Capacity,Information Technology,2021-10-05 16:13:00 EDT,AFTER_HOURS,https://investors.palantir.com/news-details/2021/Army-Selects-Palantir-for-Intelligence-Data-Fabric-and-Analytics-Solution,https://www.streetinsider.com/Corporate%2BNews/Palantir%2B%28PLTR%29%2BSelected%2Bby%2BUS%2BArmy%2Bfor%2BIntelligence%2BData%2BFabric%2Band%2BAnalytics%2BSolution/19026797.html,"Palantir announced selection by the U.S. Army for an intelligence data fabric and analytics solution under an $823 million IDIQ framework.","Large government award relative to issuer scale and strategically important expansion of a major customer relationship.",AFTER_HOURS_NEXT_TRADING_DAY_1000_ET,2021-10-06 10:00:00 EDT,VERIFIED_BEST_AVAILABLE,PENDING_QC_LIQUIDITY_AND_DUPLICATE_AUDIT,,false
E3-RKLB-20231221,Rocket Lab USA,RKLB,E3_Major_Contract_Order_Capacity,Industrials,2023-12-21 16:15:08 EST,AFTER_HOURS,https://www.sec.gov/Archives/edgar/data/1819994/0000950170-23-072224-index.html,https://www.sec.gov/Archives/edgar/data/1819994/0000950170-23-072224-index.html,"Rocket Lab disclosed a U.S. government agreement to design, manufacture, deliver and operate 18 space vehicles with total value of $515 million including incentives/options.","Contract value was economically material relative to issuer scale and changed backlog/space-systems visibility.",AFTER_HOURS_NEXT_TRADING_DAY_1000_ET,2023-12-22 10:00:00 EST,VERIFIED_SEC_ACCEPTED_TIME,PENDING_QC_LIQUIDITY_AND_DUPLICATE_AUDIT,,false
E3-AVAV-20240828,AeroVironment,AVAV,E3_Major_Contract_Order_Capacity,Industrials,2024-08-28 11:00:00 EDT,REGULAR_SESSION,https://investor.avinc.com/news-releases/news-release-details/av-secures-990m-contract-supply-us-army-switchblade-loitering,https://investor.avinc.com/news-releases/news-release-details/av-secures-990m-contract-supply-us-army-switchblade-loitering,"AeroVironment announced a five-year U.S. Army Lethal Unmanned Systems IDIQ contract with a $990 million ceiling for Switchblade systems.","Contract ceiling was economically material relative to issuer scale and directly affected future defense-order opportunity.",REGULAR_EVENT_PLUS_30_MINUTES,2024-08-28 11:30:00 EDT,VERIFIED_PRIMARY_WITH_TIME,PENDING_QC_LIQUIDITY_AND_DUPLICATE_AUDIT,,false
E4-GE-20211109,General Electric,GE,E4_Product_Commercialization_Strategic,Industrials,2021-11-09 06:30:00 EST,PREMARKET,https://www.ge.com/news/press-releases/ge-plans-to-form-three-public-companies-focused-on-growth-sectors-of-aviation,https://www.nasdaq.com/press-release/ge-plans-to-form-three-public-companies-focused-on-growth-sectors-of-aviation,"GE announced a plan to form three independent public companies focused on aviation, healthcare and energy through planned spin-offs.","Company-wide portfolio and capital-allocation restructuring with direct implications for valuation and business mix.",PREMARKET_1000_ET,2021-11-09 10:00:00 EST,VERIFIED,PENDING_QC_LIQUIDITY_AND_DUPLICATE_AUDIT,,false
E4-JNJ-20211112,Johnson & Johnson,JNJ,E4_Product_Commercialization_Strategic,Health Care,2021-11-12 06:30:00 EST,PREMARKET,https://www.investor.jnj.com/investor-news/news-details/2021/Johnson-Johnson-Announces-Plans-to-Accelerate-Innovation-Serve-Patients-and-Consumers-and-Unlock-Value-through-Intent-to-Separate-Consumer-Health-Business-11-12-2021/default.aspx,https://www.nasdaq.com/press-release/johnson-johnson-announces-plans-to-accelerate-innovation-serve-patients-and-consumers,"Johnson & Johnson announced its intent to separate the Consumer Health business into a new publicly traded company.","Major portfolio restructuring affecting business mix, capital allocation and valuation framework.",PREMARKET_1000_ET,2021-11-12 10:00:00 EST,VERIFIED,PENDING_QC_LIQUIDITY_AND_DUPLICATE_AUDIT,,false
E4-IBM-20201008,International Business Machines,IBM,E4_Product_Commercialization_Strategic,Information Technology,2020-10-08 07:56:00 EDT,PREMARKET,https://www.sec.gov/Archives/edgar/data/51143/000155837020011450/ibm-20201008x8k.htm,https://www.streetinsider.com/SEC%2BFilings/Form%2B8-K%2BINTERNATIONAL%2BBUSINESS%2BFor%3A%2BOct%2B08/17449257.html,"IBM announced acceleration of its hybrid-cloud strategy and separation of the Managed Infrastructure Services unit into a new public company, while also providing preliminary Q3 results.","Company-wide strategic repositioning toward hybrid cloud with a major business separation.",PREMARKET_1000_ET,2020-10-08 10:00:00 EDT,VERIFIED_BEST_AVAILABLE,PENDING_QC_LIQUIDITY_AND_DUPLICATE_AUDIT,,false
E5-ATVI-20220118,Activision Blizzard,ATVI,E5_MA_Policy_SupplyChain,Communication Services,2022-01-18 08:28:00 EST,PREMARKET,https://investor.activision.com/news-releases/news-release-details/microsoft-acquire-activision-blizzard-bring-joy-and-community,https://investor.activision.com/news-releases/news-release-details/microsoft-acquire-activision-blizzard-bring-joy-and-community,"Microsoft and Activision Blizzard announced an all-cash acquisition of Activision Blizzard for $95 per share, valued at $68.7 billion including net cash.","Definitive acquisition agreement with direct transaction-price and completion-probability implications for the target equity.",PREMARKET_1000_ET,2022-01-18 10:00:00 EST,VERIFIED_PRIMARY_WITH_TIME,PENDING_QC_LIQUIDITY_AND_DUPLICATE_AUDIT,,false
E5-HES-20231023,Hess,HES,E5_MA_Policy_SupplyChain,Energy,2023-10-23 05:00:00 EDT,PREMARKET,https://www.sec.gov/Archives/edgar/data/4447/000119312523260283/d558816dex991.htm,https://www.sec.gov/Archives/edgar/data/4447/000119312523260283/d558816dex991.htm,"Chevron and Hess announced a definitive all-stock acquisition of Hess valued at $53 billion in equity value and $60 billion enterprise value.","Definitive acquisition agreement with direct transaction-value and completion-probability implications for target shareholders.",PREMARKET_1000_ET,2023-10-23 10:00:00 EDT,VERIFIED_PRIMARY_RELEASE_TIME,PENDING_QC_LIQUIDITY_AND_DUPLICATE_AUDIT,,false
E5-PXD-20231011,Pioneer Natural Resources,PXD,E5_MA_Policy_SupplyChain,Energy,2023-10-11 06:30:00 EDT,PREMARKET,https://corporate.exxonmobil.com/news/news-releases/2023/1011_exxonmobil-announces-merger-with-pioneer-natural-resources-in-an-all-stock-transaction,https://www.financialcontent.com/article/bizwire-2023-10-11-exxonmobil-announces-merger-with-pioneer-natural-resources-in-an-all-stock-transaction,"ExxonMobil and Pioneer announced a definitive all-stock merger valued at $59.5 billion equity value and approximately $64.5 billion enterprise value.","Definitive acquisition agreement with direct transaction-value and completion-probability implications for the target equity.",PREMARKET_1000_ET,2023-10-11 10:00:00 EDT,VERIFIED,PENDING_QC_LIQUIDITY_AND_DUPLICATE_AUDIT,,false